"INDICATOR","HFA_478"

"HFA_478","Acute care hospital beds per 100 000"

"UNIT_TYPE","Unit"
"BEDS_100K","beds per 100 000 population"

"EXTERNID","ID in the originating data source"

"DATA_SOURCE","Data source"
"HFA","European Health for All database"

"DATA_TYPE_REPRESENTATION","Data type representation"
"RATIO","Ratio"

"DATA_SET","Data set"
"HFA","European Health for All database (WHO)"

"DATA_MASK","Mask for controlling the output format of values"

"SEX","Sex"
"FEMALE","Female"
"MALE","Male"
"ALL","All"

"COUNTRY","COUNTRY_GRP","SEX","YEAR","VALUE"
"ALB","","ALL","1988","329.08"
"ALB","","ALL","1989","359.76"
"ALB","","ALL","1990","344.83"
"ALB","","ALL","1991","340.82"
"ALB","","ALL","1992","340.9"
"ALB","","ALL","1993","334.24"
"ALB","","ALL","1994","259.96"
"ALB","","ALL","1995","289.15"
"ALB","","ALL","1996","284.56"
"ALB","","ALL","1997","276.6"
"ALB","","ALL","1998","278.06"
"ALB","","ALL","1999","275.33"
"ALB","","ALL","2000","293.71"
"ALB","","ALL","2001","295.87"
"ALB","","ALL","2002","284.58"
"ALB","","ALL","2003","275.98"
"ALB","","ALL","2004","271.48"
"ALB","","ALL","2005","274.52"
"ALB","","ALL","2006","273.11"
"ALB","","ALL","2007","271.31"
"ALB","","ALL","2009","267.67"
"ALB","","ALL","2010","275.18"
"ALB","","ALL","2011","264.46"
"ALB","","ALL","2012","262.77"
"ALB","","ALL","2013","263.1"
"AND","","ALL","1996","239.99"
"AND","","ALL","1997","223.44"
"AND","","ALL","1998","233.26"
"AND","","ALL","1999","244.22"
"AND","","ALL","2000","244.28"
"AND","","ALL","2001","254.21"
"AND","","ALL","2002","283.17"
"AND","","ALL","2003","253.8"
"AND","","ALL","2004","209.12"
"AND","","ALL","2005","200.74"
"AND","","ALL","2006","195.28"
"AND","","ALL","2007","194.7"
"AND","","ALL","2009","189.84"
"ARM","","ALL","1980","717.55"
"ARM","","ALL","1981","736.75"
"ARM","","ALL","1982","748.58"
"ARM","","ALL","1983","741.67"
"ARM","","ALL","1984","750.65"
"ARM","","ALL","1985","770.28"
"ARM","","ALL","1986","767.57"
"ARM","","ALL","1987","802"
"ARM","","ALL","1988","832.5"
"ARM","","ALL","1989","819.49"
"ARM","","ALL","1990","825.34"
"ARM","","ALL","1991","772.08"
"ARM","","ALL","1992","757"
"ARM","","ALL","1993","797.73"
"ARM","","ALL","1994","787.47"
"ARM","","ALL","1995","797.81"
"ARM","","ALL","1996","754.68"
"ARM","","ALL","1997","710.35"
"ARM","","ALL","1998","701.9"
"ARM","","ALL","1999","650.6"
"ARM","","ALL","2000","574.82"
"ARM","","ALL","2001","440.45"
"ARM","","ALL","2002","378.1"
"ARM","","ALL","2003","385.92"
"ARM","","ALL","2004","388.11"
"ARM","","ALL","2005","377.62"
"ARM","","ALL","2006","369.28"
"ARM","","ALL","2007","334.51"
"ARM","","ALL","2008","310.66"
"ARM","","ALL","2009","300.49"
"ARM","","ALL","2010","302.64"
"ARM","","ALL","2011","305.19"
"ARM","","ALL","2012","330.01"
"ARM","","ALL","2013","329.82"
"ARM","","ALL","2014","341.07"
"AUT","","ALL","1988","843.56"
"AUT","","ALL","1989","828.1"
"AUT","","ALL","1990","809.78"
"AUT","","ALL","1991","787.15"
"AUT","","ALL","1992","766.35"
"AUT","","ALL","1993","753.05"
"AUT","","ALL","1994","749.91"
"AUT","","ALL","1995","741.31"
"AUT","","ALL","1996","729.5"
"AUT","","ALL","1997","721.44"
"AUT","","ALL","1998","707.34"
"AUT","","ALL","1999","694.62"
"AUT","","ALL","2000","684.87"
"AUT","","ALL","2001","675.24"
"AUT","","ALL","2002","666.67"
"AUT","","ALL","2003","655.89"
"AUT","","ALL","2004","649.19"
"AUT","","ALL","2005","642.77"
"AUT","","ALL","2006","637.15"
"AUT","","ALL","2007","637.98"
"AUT","","ALL","2008","629.26"
"AUT","","ALL","2009","622.99"
"AUT","","ALL","2010","616"
"AUT","","ALL","2011","610.23"
"AUT","","ALL","2012","599.8"
"AUT","","ALL","2013","587.36"
"AUT","","ALL","2014","579.96"
"AZE","","ALL","1990","732.98"
"AZE","","ALL","1991","764.77"
"AZE","","ALL","1992","786.73"
"AZE","","ALL","1993","781.05"
"AZE","","ALL","1994","751.37"
"AZE","","ALL","1995","750.89"
"AZE","","ALL","1996","738.52"
"AZE","","ALL","1997","721.7"
"AZE","","ALL","1998","704.81"
"AZE","","ALL","1999","694.97"
"AZE","","ALL","2000","681.55"
"AZE","","ALL","2001","673.02"
"AZE","","ALL","2002","665.12"
"AZE","","ALL","2003","655.34"
"AZE","","ALL","2004","649.47"
"AZE","","ALL","2005","650.4"
"AZE","","ALL","2006","626.38"
"AZE","","ALL","2007","627.71"
"AZE","","ALL","2008","606.88"
"AZE","","ALL","2009","595.92"
"AZE","","ALL","2010","382.98"
"AZE","","ALL","2011","344.14"
"AZE","","ALL","2012","349.13"
"AZE","","ALL","2013","349.89"
"AZE","","ALL","2014","354.18"
"BEL","","ALL","1970","475.51"
"BEL","","ALL","1980","546.81"
"BEL","","ALL","1985","807.07"
"BEL","","ALL","1986","800.99"
"BEL","","ALL","1987","772.04"
"BEL","","ALL","1988","714.1"
"BEL","","ALL","1989","705.14"
"BEL","","ALL","1990","710.94"
"BEL","","ALL","1991","718.04"
"BEL","","ALL","1992","722.91"
"BEL","","ALL","1993","718.83"
"BEL","","ALL","1994","709.1"
"BEL","","ALL","1995","698.14"
"BEL","","ALL","1996","753.54"
"BEL","","ALL","1997","753.17"
"BEL","","ALL","1998","744.62"
"BEL","","ALL","1999","735.93"
"BEL","","ALL","2000","731.25"
"BEL","","ALL","2001","716.96"
"BEL","","ALL","2002","707.56"
"BEL","","ALL","2003","698.35"
"BEL","","ALL","2004","695.14"
"BEL","","ALL","2005","689.73"
"BEL","","ALL","2006","616.71"
"BEL","","ALL","2007","608.14"
"BEL","","ALL","2008","603.12"
"BEL","","ALL","2009","596.06"
"BEL","","ALL","2010","591.96"
"BEL","","ALL","2011","582.8"
"BEL","","ALL","2012","573.58"
"BEL","","ALL","2013","569.61"
"BEL","","ALL","2014","567.27"
"BEL","","ALL","2015","565.36"
"BGR","","ALL","2005","542.84"
"BGR","","ALL","2006","520.53"
"BGR","","ALL","2007","534.61"
"BGR","","ALL","2008","544.86"
"BGR","","ALL","2009","554.36"
"BGR","","ALL","2010","547.11"
"BGR","","ALL","2011","541.46"
"BGR","","ALL","2012","559.59"
"BGR","","ALL","2013","572.94"
"BGR","","ALL","2014","595.04"
"BLR","","ALL","2013","887.61"
"BLR","","ALL","2014","866.42"
"","CARINFONET","ALL","1980","767.12"
"","CARINFONET","ALL","1985","786.02"
"","CARINFONET","ALL","1986","793.17"
"","CARINFONET","ALL","1987","789.22"
"","CARINFONET","ALL","1988","790.42"
"","CARINFONET","ALL","1989","789.42"
"","CARINFONET","ALL","1990","792.44"
"","CARINFONET","ALL","1991","793.7"
"","CARINFONET","ALL","1992","782.41"
"","CARINFONET","ALL","1993","760.4"
"","CARINFONET","ALL","1994","704.29"
"","CARINFONET","ALL","1995","668.28"
"","CARINFONET","ALL","1996","607.09"
"","CARINFONET","ALL","1997","552.21"
"","CARINFONET","ALL","1998","524.11"
"","CARINFONET","ALL","1999","494.77"
"","CARINFONET","ALL","2000","486.59"
"","CARINFONET","ALL","2001","474.92"
"","CARINFONET","ALL","2002","478.85"
"","CARINFONET","ALL","2003","475.98"
"","CARINFONET","ALL","2004","465.06"
"","CARINFONET","ALL","2005","455.78"
"","CARINFONET","ALL","2006","455.01"
"","CARINFONET","ALL","2007","435.04"
"","CARINFONET","ALL","2008","427.61"
"","CARINFONET","ALL","2009","430.38"
"","CARINFONET","ALL","2010","410.69"
"","CARINFONET","ALL","2011","401.66"
"","CARINFONET","ALL","2012","384.78"
"","CARINFONET","ALL","2013","373.54"
"","CARINFONET","ALL","2014","367.1"
"CHE","","ALL","1998","561.03"
"CHE","","ALL","1999","563.83"
"CHE","","ALL","2000","530.72"
"CHE","","ALL","2001","511.62"
"CHE","","ALL","2002","503.61"
"CHE","","ALL","2003","492.6"
"CHE","","ALL","2004","483.39"
"CHE","","ALL","2005","470.6"
"CHE","","ALL","2006","453.96"
"CHE","","ALL","2007","448.3"
"CHE","","ALL","2008","434.79"
"CHE","","ALL","2009","426.64"
"CHE","","ALL","2010","409.35"
"CHE","","ALL","2011","394.9"
"CHE","","ALL","2012","391.59"
"CHE","","ALL","2013","382.01"
"CHE","","ALL","2014","375.08"
"","CIS","ALL","1980","972.42"
"","CIS","ALL","1985","978.2"
"","CIS","ALL","1986","980.41"
"","CIS","ALL","1987","979.74"
"","CIS","ALL","1988","980.6"
"","CIS","ALL","1989","979.97"
"","CIS","ALL","1990","980.17"
"","CIS","ALL","1991","979.22"
"","CIS","ALL","1992","972.04"
"","CIS","ALL","1993","960.11"
"","CIS","ALL","1994","933.51"
"","CIS","ALL","1995","913.96"
"","CIS","ALL","1996","872.71"
"","CIS","ALL","1997","822.43"
"","CIS","ALL","1998","796.66"
"","CIS","ALL","1999","763.34"
"","CIS","ALL","2000","759.65"
"","CIS","ALL","2001","731.72"
"","CIS","ALL","2002","718.65"
"","CIS","ALL","2003","704.8"
"","CIS","ALL","2004","699.21"
"","CIS","ALL","2005","688.72"
"","CIS","ALL","2006","682.92"
"","CIS","ALL","2007","670.23"
"","CIS","ALL","2008","653.85"
"","CIS","ALL","2009","650.38"
"","CIS","ALL","2010","629.05"
"","CIS","ALL","2011","612.1"
"","CIS","ALL","2012","597.61"
"","CIS","ALL","2013","582.49"
"","CIS","ALL","2014","563.86"
"CYP","","ALL","1976","376.58"
"CYP","","ALL","1977","378.49"
"CYP","","ALL","1978","383.31"
"CYP","","ALL","1979","390.5"
"CYP","","ALL","1980","402.67"
"CYP","","ALL","1981","380.58"
"CYP","","ALL","1982","376.34"
"CYP","","ALL","1983","373.58"
"CYP","","ALL","1984","361.44"
"CYP","","ALL","1985","608.76"
"CYP","","ALL","1986","618.63"
"CYP","","ALL","1987","607.05"
"CYP","","ALL","1988","607.19"
"CYP","","ALL","1989","601.41"
"CYP","","ALL","1990","587.68"
"CYP","","ALL","1991","570.01"
"CYP","","ALL","1992","545.53"
"CYP","","ALL","1993","522.53"
"CYP","","ALL","1994","266.51"
"CYP","","ALL","1995","506.84"
"CYP","","ALL","1996","261.46"
"CYP","","ALL","1997","234.04"
"CYP","","ALL","1998","225.81"
"CYP","","ALL","1999","222.46"
"CYP","","ALL","2000","452.44"
"CYP","","ALL","2001","202.93"
"CYP","","ALL","2002","204.47"
"CYP","","ALL","2003","199.07"
"CYP","","ALL","2004","195.32"
"CYP","","ALL","2005","382.59"
"CYP","","ALL","2006","378.14"
"CYP","","ALL","2007","377.87"
"CYP","","ALL","2008","376.29"
"CYP","","ALL","2009","373.99"
"CYP","","ALL","2010","354.48"
"CYP","","ALL","2011","351.96"
"CYP","","ALL","2012","346.09"
"CYP","","ALL","2013","340.86"
"CYP","","ALL","2014","341.32"
"CZE","","ALL","1980","810.07"
"CZE","","ALL","1985","817.15"
"CZE","","ALL","1990","807.89"
"CZE","","ALL","1995","686.21"
"CZE","","ALL","1996","655.84"
"CZE","","ALL","1997","631.2"
"CZE","","ALL","1998","609.94"
"CZE","","ALL","1999","584.73"
"CZE","","ALL","2000","577.27"
"CZE","","ALL","2001","572.11"
"CZE","","ALL","2002","568.91"
"CZE","","ALL","2003","557.93"
"CZE","","ALL","2004","542.85"
"CZE","","ALL","2005","535.34"
"CZE","","ALL","2006","526.31"
"CZE","","ALL","2007","519.75"
"CZE","","ALL","2008","507.96"
"CZE","","ALL","2009","498.4"
"CZE","","ALL","2010","486.17"
"CZE","","ALL","2011","468.78"
"CZE","","ALL","2012","452.75"
"CZE","","ALL","2013","430.87"
"CZE","","ALL","2014","425.03"
"DEU","","ALL","1991","832.12"
"DEU","","ALL","1992","802.78"
"DEU","","ALL","1993","774.41"
"DEU","","ALL","1994","759.22"
"DEU","","ALL","1995","745.92"
"DEU","","ALL","1996","725"
"DEU","","ALL","1997","707.39"
"DEU","","ALL","1998","696.86"
"DEU","","ALL","1999","688.62"
"DEU","","ALL","2000","680.94"
"DEU","","ALL","2001","671.22"
"DEU","","ALL","2002","663.52"
"DEU","","ALL","2003","656.69"
"DEU","","ALL","2004","644.03"
"DEU","","ALL","2005","635.21"
"DEU","","ALL","2006","620.12"
"DEU","","ALL","2007","616.26"
"DEU","","ALL","2008","612.96"
"DEU","","ALL","2009","614.77"
"DEU","","ALL","2010","614.93"
"DEU","","ALL","2011","613.88"
"DEU","","ALL","2012","612.17"
"DEU","","ALL","2013","620.83"
"DEU","","ALL","2014","620.83"
"DNK","","ALL","1997","464.36"
"DNK","","ALL","1998","453.88"
"DNK","","ALL","1999","437.52"
"DNK","","ALL","2000","426.22"
"DNK","","ALL","2001","419.27"
"DNK","","ALL","2002","425.86"
"DNK","","ALL","2003","410.31"
"DNK","","ALL","2004","393.51"
"DNK","","ALL","2005","380.52"
"DNK","","ALL","2006","372.28"
"DNK","","ALL","2007","360.63"
"DNK","","ALL","2008","351.05"
"DNK","","ALL","2009","344.15"
"DNK","","ALL","2010","343.79"
"DNK","","ALL","2011","306.91"
"DNK","","ALL","2013","300.72"
"DNK","","ALL","2014","261.67"
"DNK","","ALL","2015","245.88"
"ESP","","ALL","1985","350.92"
"ESP","","ALL","1986","343.69"
"ESP","","ALL","1987","345.73"
"ESP","","ALL","1988","343.42"
"ESP","","ALL","1989","338.87"
"ESP","","ALL","1990","333.43"
"ESP","","ALL","1991","325.64"
"ESP","","ALL","1992","317.56"
"ESP","","ALL","1993","312.47"
"ESP","","ALL","1994","310.97"
"ESP","","ALL","1995","303.66"
"ESP","","ALL","1996","309.63"
"ESP","","ALL","1997","305.13"
"ESP","","ALL","1998","302.81"
"ESP","","ALL","1999","299.56"
"ESP","","ALL","2000","292.17"
"ESP","","ALL","2001","285.71"
"ESP","","ALL","2002","278.64"
"ESP","","ALL","2003","271.08"
"ESP","","ALL","2004","268.97"
"ESP","","ALL","2005","266.83"
"ESP","","ALL","2006","262.85"
"ESP","","ALL","2007","261.81"
"ESP","","ALL","2008","257.95"
"ESP","","ALL","2009","255.09"
"ESP","","ALL","2010","251.47"
"ESP","","ALL","2011","246.69"
"ESP","","ALL","2012","237.85"
"ESP","","ALL","2013","236.34"
"ESP","","ALL","2014","238.54"
"EST","","ALL","1980","962.62"
"EST","","ALL","1985","967.76"
"EST","","ALL","1986","968.06"
"EST","","ALL","1987","957.92"
"EST","","ALL","1988","942.38"
"EST","","ALL","1989","940.36"
"EST","","ALL","1990","918.51"
"EST","","ALL","1991","908.91"
"EST","","ALL","1992","761.92"
"EST","","ALL","1993","755.02"
"EST","","ALL","1994","657.02"
"EST","","ALL","1995","663.22"
"EST","","ALL","1996","612.46"
"EST","","ALL","1997","594.63"
"EST","","ALL","1998","584.21"
"EST","","ALL","1999","583.58"
"EST","","ALL","2000","599.93"
"EST","","ALL","2001","547.14"
"EST","","ALL","2002","479.86"
"EST","","ALL","2003","458.59"
"EST","","ALL","2004","438.52"
"EST","","ALL","2005","405.9"
"EST","","ALL","2006","418.99"
"EST","","ALL","2007","406.66"
"EST","","ALL","2008","412.09"
"EST","","ALL","2009","390.03"
"EST","","ALL","2010","375.67"
"EST","","ALL","2011","383.14"
"EST","","ALL","2012","385.05"
"EST","","ALL","2013","366.84"
"EST","","ALL","2014","366.51"
"","EU_AFTER_MAY2004","ALL","1980","653.94"
"","EU_AFTER_MAY2004","ALL","1985","657.68"
"","EU_AFTER_MAY2004","ALL","1990","672.4"
"","EU_AFTER_MAY2004","ALL","1992","639.05"
"","EU_AFTER_MAY2004","ALL","1993","618.4"
"","EU_AFTER_MAY2004","ALL","1994","606.81"
"","EU_AFTER_MAY2004","ALL","1995","600.26"
"","EU_AFTER_MAY2004","ALL","1996","589.36"
"","EU_AFTER_MAY2004","ALL","1997","573.89"
"","EU_AFTER_MAY2004","ALL","1998","564.13"
"","EU_AFTER_MAY2004","ALL","1999","551.16"
"","EU_AFTER_MAY2004","ALL","2000","549.79"
"","EU_AFTER_MAY2004","ALL","2001","539.47"
"","EU_AFTER_MAY2004","ALL","2002","526.93"
"","EU_AFTER_MAY2004","ALL","2003","506.37"
"","EU_AFTER_MAY2004","ALL","2004","497.1"
"","EU_AFTER_MAY2004","ALL","2005","496.18"
"","EU_AFTER_MAY2004","ALL","2006","491.28"
"","EU_AFTER_MAY2004","ALL","2007","474.73"
"","EU_AFTER_MAY2004","ALL","2008","466.98"
"","EU_AFTER_MAY2004","ALL","2009","465.58"
"","EU_AFTER_MAY2004","ALL","2010","476.5"
"","EU_AFTER_MAY2004","ALL","2011","468.66"
"","EU_AFTER_MAY2004","ALL","2012","466.67"
"","EU_AFTER_MAY2004","ALL","2013","460.9"
"","EU_AFTER_MAY2004","ALL","2014","460.55"
"","EU_BEFORE_MAY2004","ALL","1991","555.39"
"","EU_BEFORE_MAY2004","ALL","1992","548.47"
"","EU_BEFORE_MAY2004","ALL","1993","537.64"
"","EU_BEFORE_MAY2004","ALL","1994","530.17"
"","EU_BEFORE_MAY2004","ALL","1995","520.14"
"","EU_BEFORE_MAY2004","ALL","1996","520.51"
"","EU_BEFORE_MAY2004","ALL","1997","504.74"
"","EU_BEFORE_MAY2004","ALL","1998","493.23"
"","EU_BEFORE_MAY2004","ALL","1999","479.25"
"","EU_BEFORE_MAY2004","ALL","2000","466.3"
"","EU_BEFORE_MAY2004","ALL","2001","457.87"
"","EU_BEFORE_MAY2004","ALL","2002","449.75"
"","EU_BEFORE_MAY2004","ALL","2003","439.74"
"","EU_BEFORE_MAY2004","ALL","2004","430.76"
"","EU_BEFORE_MAY2004","ALL","2005","425.29"
"","EU_BEFORE_MAY2004","ALL","2006","414.73"
"","EU_BEFORE_MAY2004","ALL","2007","408.01"
"","EU_BEFORE_MAY2004","ALL","2008","401.75"
"","EU_BEFORE_MAY2004","ALL","2009","398.24"
"","EU_BEFORE_MAY2004","ALL","2010","390.8"
"","EU_BEFORE_MAY2004","ALL","2011","387.42"
"","EU_BEFORE_MAY2004","ALL","2012","382.23"
"","EU_BEFORE_MAY2004","ALL","2013","379.09"
"","EU_BEFORE_MAY2004","ALL","2014","377.03"
"","EU_MEMBERS","ALL","1990","589.04"
"","EU_MEMBERS","ALL","1991","582.04"
"","EU_MEMBERS","ALL","1992","569.52"
"","EU_MEMBERS","ALL","1993","556.34"
"","EU_MEMBERS","ALL","1994","547.87"
"","EU_MEMBERS","ALL","1995","538.58"
"","EU_MEMBERS","ALL","1996","536.28"
"","EU_MEMBERS","ALL","1997","520.54"
"","EU_MEMBERS","ALL","1998","509.38"
"","EU_MEMBERS","ALL","1999","495.59"
"","EU_MEMBERS","ALL","2000","485.12"
"","EU_MEMBERS","ALL","2001","476.16"
"","EU_MEMBERS","ALL","2002","466.88"
"","EU_MEMBERS","ALL","2003","454.44"
"","EU_MEMBERS","ALL","2004","445.3"
"","EU_MEMBERS","ALL","2005","440.76"
"","EU_MEMBERS","ALL","2006","431.32"
"","EU_MEMBERS","ALL","2007","422.39"
"","EU_MEMBERS","ALL","2008","415.75"
"","EU_MEMBERS","ALL","2009","412.64"
"","EU_MEMBERS","ALL","2010","409.04"
"","EU_MEMBERS","ALL","2011","404.65"
"","EU_MEMBERS","ALL","2012","400.01"
"","EU_MEMBERS","ALL","2013","396.43"
"","EU_MEMBERS","ALL","2014","394.44"
"FIN","","ALL","1970","484.12"
"FIN","","ALL","1993","311.4"
"FIN","","ALL","1994","306.21"
"FIN","","ALL","1995","299.09"
"FIN","","ALL","1996","298.76"
"FIN","","ALL","1997","274.7"
"FIN","","ALL","1998","259.07"
"FIN","","ALL","1999","248.73"
"FIN","","ALL","2000","393.08"
"FIN","","ALL","2001","386.62"
"FIN","","ALL","2002","383.22"
"FIN","","ALL","2003","381.35"
"FIN","","ALL","2004","378.26"
"FIN","","ALL","2005","372.31"
"FIN","","ALL","2006","364.49"
"FIN","","ALL","2007","357.09"
"FIN","","ALL","2008","349.78"
"FIN","","ALL","2009","341.31"
"FIN","","ALL","2010","337.82"
"FIN","","ALL","2011","330.23"
"FIN","","ALL","2012","325.06"
"FIN","","ALL","2013","311.95"
"FIN","","ALL","2014","307.55"
"FRA","","ALL","1997","565.41"
"FRA","","ALL","1998","550.12"
"FRA","","ALL","1999","544.06"
"FRA","","ALL","2000","525.73"
"FRA","","ALL","2001","513.33"
"FRA","","ALL","2002","504.77"
"FRA","","ALL","2003","492.06"
"FRA","","ALL","2004","482.92"
"FRA","","ALL","2005","476.67"
"FRA","","ALL","2006","467.37"
"FRA","","ALL","2007","462.05"
"FRA","","ALL","2008","454.28"
"FRA","","ALL","2009","451.13"
"FRA","","ALL","2010","447.52"
"FRA","","ALL","2011","443.3"
"FRA","","ALL","2012","440.27"
"FRA","","ALL","2013","435.73"
"FRA","","ALL","2014","428.04"
"GBR","","ALL","2000","316.57"
"GBR","","ALL","2001","316.3"
"GBR","","ALL","2002","313.45"
"GBR","","ALL","2003","312.47"
"GBR","","ALL","2004","308.06"
"GBR","","ALL","2005","299.38"
"GBR","","ALL","2006","286.63"
"GBR","","ALL","2007","274.98"
"GBR","","ALL","2008","272.07"
"GBR","","ALL","2009","268.43"
"GBR","","ALL","2010","240.81"
"GBR","","ALL","2011","237.26"
"GBR","","ALL","2012","231.12"
"GBR","","ALL","2013","227.93"
"GBR","","ALL","2014","227.79"
"GEO","","ALL","1996","449.89"
"GEO","","ALL","1997","464.82"
"GEO","","ALL","1998","455.37"
"GEO","","ALL","1999","444.18"
"GEO","","ALL","2000","421.36"
"GEO","","ALL","2001","390.29"
"GEO","","ALL","2002","366.1"
"GEO","","ALL","2003","367.88"
"GEO","","ALL","2004","359.81"
"GEO","","ALL","2005","338.95"
"GEO","","ALL","2006","315.46"
"GEO","","ALL","2007","280.38"
"GEO","","ALL","2008","265.55"
"GEO","","ALL","2009","254.87"
"GEO","","ALL","2010","243.73"
"GEO","","ALL","2011","211.6"
"GEO","","ALL","2014","210.02"
"GRC","","ALL","1993","388.47"
"GRC","","ALL","1994","389.78"
"GRC","","ALL","1995","382.69"
"GRC","","ALL","1996","386.41"
"GRC","","ALL","1997","382.66"
"GRC","","ALL","1998","379.99"
"GRC","","ALL","1999","375.39"
"GRC","","ALL","2000","374.39"
"GRC","","ALL","2001","384.09"
"GRC","","ALL","2002","378.82"
"GRC","","ALL","2003","381.63"
"GRC","","ALL","2004","379.41"
"GRC","","ALL","2005","386.21"
"GRC","","ALL","2006","394.36"
"GRC","","ALL","2007","395.29"
"GRC","","ALL","2008","395.27"
"GRC","","ALL","2009","405.3"
"GRC","","ALL","2010","359.62"
"GRC","","ALL","2011","360.89"
"GRC","","ALL","2012","364.07"
"GRC","","ALL","2013","349.38"
"GRC","","ALL","2014","346.25"
"HRV","","ALL","2012","389.29"
"HRV","","ALL","2013","396.18"
"HRV","","ALL","2014","398.84"
"HUN","","ALL","2000","621.31"
"HUN","","ALL","2001","603.27"
"HUN","","ALL","2002","600.05"
"HUN","","ALL","2003","598.08"
"HUN","","ALL","2004","595.19"
"HUN","","ALL","2005","596.15"
"HUN","","ALL","2006","596.46"
"HUN","","ALL","2007","449.26"
"HUN","","ALL","2008","445.25"
"HUN","","ALL","2009","445.88"
"HUN","","ALL","2010","447.16"
"HUN","","ALL","2011","448.01"
"HUN","","ALL","2012","430.93"
"HUN","","ALL","2013","432.17"
"HUN","","ALL","2014","428.87"
"IRL","","ALL","1980","425.14"
"IRL","","ALL","1981","422.81"
"IRL","","ALL","1982","421.48"
"IRL","","ALL","1983","422.61"
"IRL","","ALL","1984","408.7"
"IRL","","ALL","1985","410.54"
"IRL","","ALL","1986","393.03"
"IRL","","ALL","1987","344.1"
"IRL","","ALL","1988","311.25"
"IRL","","ALL","1989","314.21"
"IRL","","ALL","1990","318.73"
"IRL","","ALL","1991","322.57"
"IRL","","ALL","1992","313.6"
"IRL","","ALL","1993","304.5"
"IRL","","ALL","1994","303.63"
"IRL","","ALL","1995","306"
"IRL","","ALL","1996","303.52"
"IRL","","ALL","1997","289.3"
"IRL","","ALL","1998","284.33"
"IRL","","ALL","1999","281.64"
"IRL","","ALL","2000","280.25"
"IRL","","ALL","2001","275.76"
"IRL","","ALL","2002","281.71"
"IRL","","ALL","2003","281.09"
"IRL","","ALL","2004","279.79"
"IRL","","ALL","2005","278.38"
"IRL","","ALL","2006","271.64"
"IRL","","ALL","2007","265.77"
"IRL","","ALL","2008","256.58"
"IRL","","ALL","2009","263.61"
"IRL","","ALL","2010","256.03"
"IRL","","ALL","2011","242.98"
"IRL","","ALL","2012","237.38"
"IRL","","ALL","2013","239.6"
"IRL","","ALL","2014","240.44"
"ISL","","ALL","2007","334.94"
"ISL","","ALL","2008","306.87"
"ISL","","ALL","2009","298.52"
"ISL","","ALL","2010","294.65"
"ISL","","ALL","2011","267.39"
"ISL","","ALL","2012","270.64"
"ISL","","ALL","2013","266.86"
"ISL","","ALL","2014","267.32"
"ISL","","ALL","2015","263.29"
"ISR","","ALL","1988","368.7"
"ISR","","ALL","1989","361.87"
"ISR","","ALL","1990","353.96"
"ISR","","ALL","1991","338.97"
"ISR","","ALL","1992","332.59"
"ISR","","ALL","1993","327.21"
"ISR","","ALL","1994","321.41"
"ISR","","ALL","1995","314.34"
"ISR","","ALL","1996","308.47"
"ISR","","ALL","1997","304.21"
"ISR","","ALL","1998","300.37"
"ISR","","ALL","1999","296.73"
"ISR","","ALL","2000","291.79"
"ISR","","ALL","2001","286.36"
"ISR","","ALL","2002","280.64"
"ISR","","ALL","2003","277.22"
"ISR","","ALL","2004","274.18"
"ISR","","ALL","2005","272.15"
"ISR","","ALL","2006","255.18"
"ISR","","ALL","2007","251.36"
"ISR","","ALL","2008","246.91"
"ISR","","ALL","2009","241.2"
"ISR","","ALL","2010","238.56"
"ISR","","ALL","2011","235.11"
"ISR","","ALL","2012","233.45"
"ISR","","ALL","2013","233.8"
"ISR","","ALL","2014","240.6"
"ISR","","ALL","2015","237.26"
"ITA","","ALL","1975","1035.51"
"ITA","","ALL","1976","1015.88"
"ITA","","ALL","1977","991.88"
"ITA","","ALL","1978","964.8"
"ITA","","ALL","1979","946.92"
"ITA","","ALL","1980","922.26"
"ITA","","ALL","1981","894.97"
"ITA","","ALL","1982","881.19"
"ITA","","ALL","1983","854.42"
"ITA","","ALL","1984","819.59"
"ITA","","ALL","1985","799.13"
"ITA","","ALL","1986","764.81"
"ITA","","ALL","1987","746.55"
"ITA","","ALL","1988","718.64"
"ITA","","ALL","1989","679.01"
"ITA","","ALL","1990","688.82"
"ITA","","ALL","1991","651.85"
"ITA","","ALL","1992","663.63"
"ITA","","ALL","1993","647.62"
"ITA","","ALL","1994","634"
"ITA","","ALL","1995","605.22"
"ITA","","ALL","1996","632.05"
"ITA","","ALL","1997","566.8"
"ITA","","ALL","1998","534.78"
"ITA","","ALL","1999","474.28"
"ITA","","ALL","2000","421.83"
"ITA","","ALL","2001","410.79"
"ITA","","ALL","2002","391.85"
"ITA","","ALL","2003","364.7"
"ITA","","ALL","2004","346.17"
"ITA","","ALL","2005","347.88"
"ITA","","ALL","2006","336.31"
"ITA","","ALL","2007","324.25"
"ITA","","ALL","2008","313.1"
"ITA","","ALL","2009","302.84"
"ITA","","ALL","2010","297.23"
"ITA","","ALL","2011","292.64"
"ITA","","ALL","2012","284.49"
"ITA","","ALL","2013","274.57"
"KAZ","","ALL","1980","1010.35"
"KAZ","","ALL","1981","1026.59"
"KAZ","","ALL","1982","1037.53"
"KAZ","","ALL","1983","1049.31"
"KAZ","","ALL","1984","1063.91"
"KAZ","","ALL","1985","1080.87"
"KAZ","","ALL","1986","1097.74"
"KAZ","","ALL","1987","1084.88"
"KAZ","","ALL","1988","1093.77"
"KAZ","","ALL","1989","1088.75"
"KAZ","","ALL","1990","1091.44"
"KAZ","","ALL","1991","1077.73"
"KAZ","","ALL","1992","1052.52"
"KAZ","","ALL","1993","1021.15"
"KAZ","","ALL","1994","931.6"
"KAZ","","ALL","1995","900.08"
"KAZ","","ALL","1996","772.75"
"KAZ","","ALL","1997","629.65"
"KAZ","","ALL","1998","592.88"
"KAZ","","ALL","1999","500.15"
"KAZ","","ALL","2000","492.04"
"KAZ","","ALL","2001","498.14"
"KAZ","","ALL","2002","510.32"
"KAZ","","ALL","2003","519.14"
"KAZ","","ALL","2004","523.48"
"KAZ","","ALL","2005","524.31"
"KAZ","","ALL","2006","526.02"
"KAZ","","ALL","2007","527.65"
"KAZ","","ALL","2008","528.52"
"KAZ","","ALL","2009","559.36"
"KAZ","","ALL","2010","503.13"
"KAZ","","ALL","2011","493.94"
"KAZ","","ALL","2012","455.71"
"KAZ","","ALL","2013","443.73"
"KAZ","","ALL","2014","418.76"
"KGZ","","ALL","1980","975.15"
"KGZ","","ALL","1981","966.17"
"KGZ","","ALL","1982","965.87"
"KGZ","","ALL","1983","956.52"
"KGZ","","ALL","1984","962.87"
"KGZ","","ALL","1985","988.65"
"KGZ","","ALL","1986","985.71"
"KGZ","","ALL","1987","994.81"
"KGZ","","ALL","1988","976.06"
"KGZ","","ALL","1989","978.41"
"KGZ","","ALL","1990","985.79"
"KGZ","","ALL","1991","996.45"
"KGZ","","ALL","1992","999.62"
"KGZ","","ALL","1993","882.3"
"KGZ","","ALL","1994","781.73"
"KGZ","","ALL","1995","702.18"
"KGZ","","ALL","1996","695.39"
"KGZ","","ALL","1997","675.46"
"KGZ","","ALL","1998","651.5"
"KGZ","","ALL","1999","606.45"
"KGZ","","ALL","2000","612.32"
"KGZ","","ALL","2001","483.03"
"KGZ","","ALL","2002","425.36"
"KGZ","","ALL","2003","413"
"KGZ","","ALL","2004","398.91"
"KGZ","","ALL","2005","393.41"
"KGZ","","ALL","2006","390.3"
"KGZ","","ALL","2007","387.44"
"KGZ","","ALL","2008","386.43"
"KGZ","","ALL","2009","378.12"
"KGZ","","ALL","2010","373.39"
"KGZ","","ALL","2011","370.39"
"KGZ","","ALL","2012","365.8"
"KGZ","","ALL","2013","360.66"
"KGZ","","ALL","2014","353.86"
"LTU","","ALL","1992","1136.96"
"LTU","","ALL","1993","1118.88"
"LTU","","ALL","1994","1050.05"
"LTU","","ALL","1995","1026.56"
"LTU","","ALL","1996","995.61"
"LTU","","ALL","1997","897.67"
"LTU","","ALL","1998","822.75"
"LTU","","ALL","1999","802.5"
"LTU","","ALL","2000","787.96"
"LTU","","ALL","2001","751.35"
"LTU","","ALL","2002","719.1"
"LTU","","ALL","2003","696.62"
"LTU","","ALL","2004","672.51"
"LTU","","ALL","2005","648.66"
"LTU","","ALL","2006","635.31"
"LTU","","ALL","2007","638.57"
"LTU","","ALL","2008","637.51"
"LTU","","ALL","2009","637.26"
"LTU","","ALL","2010","634.43"
"LTU","","ALL","2011","647.5"
"LTU","","ALL","2012","647.77"
"LTU","","ALL","2013","639.62"
"LTU","","ALL","2014","634.39"
"LUX","","ALL","2004","502.28"
"LUX","","ALL","2005","454.03"
"LUX","","ALL","2006","446.84"
"LUX","","ALL","2007","439.99"
"LUX","","ALL","2008","432.2"
"LUX","","ALL","2009","421.46"
"LUX","","ALL","2010","413.83"
"LUX","","ALL","2011","406.1"
"LUX","","ALL","2012","395.7"
"LUX","","ALL","2013","429.18"
"LUX","","ALL","2014","418.99"
"LUX","","ALL","2015","411.21"
"LVA","","ALL","1980","1183.46"
"LVA","","ALL","1985","1158.06"
"LVA","","ALL","1986","1208.9"
"LVA","","ALL","1987","1215.65"
"LVA","","ALL","1988","1202.97"
"LVA","","ALL","1989","997.05"
"LVA","","ALL","1990","997.16"
"LVA","","ALL","1991","1018.95"
"LVA","","ALL","1992","978.57"
"LVA","","ALL","1993","940.51"
"LVA","","ALL","1994","916"
"LVA","","ALL","1995","832.05"
"LVA","","ALL","1996","735.51"
"LVA","","ALL","1997","695.23"
"LVA","","ALL","1998","670.2"
"LVA","","ALL","1999","645.69"
"LVA","","ALL","2000","611.64"
"LVA","","ALL","2001","578.01"
"LVA","","ALL","2002","552.25"
"LVA","","ALL","2003","552.02"
"LVA","","ALL","2004","545.84"
"LVA","","ALL","2005","539.13"
"LVA","","ALL","2006","533.37"
"LVA","","ALL","2007","530.56"
"LVA","","ALL","2008","527.67"
"LVA","","ALL","2009","450.12"
"LVA","","ALL","2010","354.36"
"LVA","","ALL","2011","357.77"
"LVA","","ALL","2012","355.99"
"LVA","","ALL","2013","350.43"
"LVA","","ALL","2014","339.21"
"MCO","","ALL","1995","1553.57"
"MCO","","ALL","2006","950"
"MCO","","ALL","2007","831.76"
"MCO","","ALL","2008","822.12"
"MCO","","ALL","2009","828.8"
"MCO","","ALL","2010","874.29"
"MCO","","ALL","2011","1061.27"
"MCO","","ALL","2012","846.8"
"MCO","","ALL","2013","1121.84"
"MCO","","ALL","2014","1119"
"MDA","","ALL","1980","943.22"
"MDA","","ALL","1981","953.88"
"MDA","","ALL","1982","953.16"
"MDA","","ALL","1983","958.92"
"MDA","","ALL","1984","968.39"
"MDA","","ALL","1985","988.08"
"MDA","","ALL","1986","1010.24"
"MDA","","ALL","1987","1026.46"
"MDA","","ALL","1988","1042.03"
"MDA","","ALL","1989","1041.89"
"MDA","","ALL","1990","1089.18"
"MDA","","ALL","1991","1095.57"
"MDA","","ALL","1992","1076.09"
"MDA","","ALL","1993","1057.82"
"MDA","","ALL","1994","1036.78"
"MDA","","ALL","1995","1035.96"
"MDA","","ALL","1996","1028.49"
"MDA","","ALL","1997","1155.74"
"MDA","","ALL","1998","1102.02"
"MDA","","ALL","1999","620.29"
"MDA","","ALL","2000","573"
"MDA","","ALL","2001","553.77"
"MDA","","ALL","2002","543.82"
"MDA","","ALL","2003","532.84"
"MDA","","ALL","2004","517.57"
"MDA","","ALL","2005","511.6"
"MDA","","ALL","2006","502.06"
"MDA","","ALL","2007","491.12"
"MDA","","ALL","2008","487.46"
"MDA","","ALL","2009","489.9"
"MDA","","ALL","2010","492.16"
"MDA","","ALL","2011","491.69"
"MDA","","ALL","2012","493.21"
"MDA","","ALL","2013","471.03"
"MDA","","ALL","2014","454.62"
"MKD","","ALL","1980","344.73"
"MKD","","ALL","1985","346.11"
"MKD","","ALL","1986","347.23"
"MKD","","ALL","1987","344.61"
"MKD","","ALL","1988","349.18"
"MKD","","ALL","1989","358.37"
"MKD","","ALL","1990","352.81"
"MKD","","ALL","1991","370.44"
"MKD","","ALL","1992","362.36"
"MKD","","ALL","1993","362.04"
"MKD","","ALL","1994","358.23"
"MKD","","ALL","1995","352.59"
"MKD","","ALL","1996","340.88"
"MKD","","ALL","1997","341.38"
"MKD","","ALL","1998","334.84"
"MKD","","ALL","1999","331.01"
"MKD","","ALL","2000","329.02"
"MKD","","ALL","2001","323.9"
"MKD","","ALL","2002","319.93"
"MKD","","ALL","2003","317.6"
"MKD","","ALL","2004","317.48"
"MKD","","ALL","2005","312.39"
"MKD","","ALL","2006","318.84"
"MKD","","ALL","2007","307.06"
"MKD","","ALL","2008","305.49"
"MKD","","ALL","2009","302.34"
"MKD","","ALL","2010","314.55"
"MKD","","ALL","2011","306.04"
"MKD","","ALL","2012","300.96"
"MKD","","ALL","2013","301.66"
"MLT","","ALL","1997","386.46"
"MLT","","ALL","1998","384.9"
"MLT","","ALL","1999","381.7"
"MLT","","ALL","2000","375.06"
"MLT","","ALL","2001","352.9"
"MLT","","ALL","2002","348.77"
"MLT","","ALL","2003","339.7"
"MLT","","ALL","2004","299.3"
"MLT","","ALL","2005","279.54"
"MLT","","ALL","2006","284.94"
"MLT","","ALL","2007","270.91"
"MLT","","ALL","2008","278.68"
"MLT","","ALL","2009","271.98"
"MLT","","ALL","2010","269.92"
"MLT","","ALL","2011","241.64"
"MLT","","ALL","2012","249.58"
"MLT","","ALL","2013","255.06"
"MLT","","ALL","2014","323.9"
"MLT","","ALL","2015","334.39"
"MNE","","ALL","1990","497.75"
"MNE","","ALL","1991","497.21"
"MNE","","ALL","1992","419.23"
"MNE","","ALL","1993","413.66"
"MNE","","ALL","1994","405.91"
"MNE","","ALL","1995","403.71"
"MNE","","ALL","1996","407.62"
"MNE","","ALL","1997","407.52"
"MNE","","ALL","1998","402.4"
"MNE","","ALL","1999","400.76"
"MNE","","ALL","2000","422.41"
"MNE","","ALL","2001","425.32"
"MNE","","ALL","2002","419.67"
"MNE","","ALL","2003","422.39"
"MNE","","ALL","2004","421.46"
"MNE","","ALL","2005","418.43"
"MNE","","ALL","2006","414.26"
"MNE","","ALL","2007","397.8"
"MNE","","ALL","2008","385.18"
"MNE","","ALL","2009","385.88"
"MNE","","ALL","2010","398.05"
"MNE","","ALL","2011","397.69"
"MNE","","ALL","2012","397.36"
"MNE","","ALL","2013","388.92"
"MNE","","ALL","2014","391.18"
"NLD","","ALL","1990","373.31"
"NLD","","ALL","1991","366.18"
"NLD","","ALL","1992","362.7"
"NLD","","ALL","1993","354.99"
"NLD","","ALL","1994","338.41"
"NLD","","ALL","1995","330.93"
"NLD","","ALL","1996","325.15"
"NLD","","ALL","1997","324.5"
"NLD","","ALL","1998","322.29"
"NLD","","ALL","1999","316.85"
"NLD","","ALL","2000","305.34"
"NLD","","ALL","2001","291.12"
"NLD","","ALL","2002","296.99"
"NLD","","ALL","2003","291.69"
"NLD","","ALL","2004","291.34"
"NLD","","ALL","2005","286.23"
"NLD","","ALL","2006","318.48"
"NLD","","ALL","2007","317.49"
"NLD","","ALL","2008","309.93"
"NLD","","ALL","2009","306.34"
"NLD","","ALL","2010","325.97"
"NLD","","ALL","2011","333.97"
"NLD","","ALL","2012","332.38"
"NOR","","ALL","1980","727.34"
"NOR","","ALL","1985","596.65"
"NOR","","ALL","1986","586.71"
"NOR","","ALL","1987","574.77"
"NOR","","ALL","1988","540.28"
"NOR","","ALL","1989","495.71"
"NOR","","ALL","1990","466.87"
"NOR","","ALL","1991","434.51"
"NOR","","ALL","1992","420.7"
"NOR","","ALL","1993","411.71"
"NOR","","ALL","1994","408.36"
"NOR","","ALL","1995","401.63"
"NOR","","ALL","1996","396.91"
"NOR","","ALL","1997","394.6"
"NOR","","ALL","1998","391.55"
"NOR","","ALL","1999","388.71"
"NOR","","ALL","2000","381.48"
"NOR","","ALL","2001","381.66"
"NOR","","ALL","2002","438.77"
"NOR","","ALL","2003","434.65"
"NOR","","ALL","2004","462.07"
"NOR","","ALL","2005","457.75"
"NOR","","ALL","2006","450.41"
"NOR","","ALL","2007","435.62"
"NOR","","ALL","2008","412.23"
"NOR","","ALL","2009","399.69"
"NOR","","ALL","2010","381.16"
"NOR","","ALL","2011","378.51"
"NOR","","ALL","2012","354.96"
"NOR","","ALL","2013","344.97"
"NOR","","ALL","2014","342.52"
"","NORDIC","ALL","1993","420.53"
"","NORDIC","ALL","1994","406.81"
"","NORDIC","ALL","1995","391.67"
"","NORDIC","ALL","1996","378.11"
"","NORDIC","ALL","1997","363.38"
"","NORDIC","ALL","1998","351.1"
"","NORDIC","ALL","1999","343.26"
"","NORDIC","ALL","2000","367.15"
"","NORDIC","ALL","2001","357.98"
"","NORDIC","ALL","2002","365.54"
"","NORDIC","ALL","2003","357.95"
"","NORDIC","ALL","2004","358.08"
"","NORDIC","ALL","2005","350.89"
"","NORDIC","ALL","2006","344.16"
"","NORDIC","ALL","2007","336.77"
"","NORDIC","ALL","2008","326.59"
"","NORDIC","ALL","2009","319.56"
"","NORDIC","ALL","2010","314.42"
"","NORDIC","ALL","2011","303.49"
"","NORDIC","ALL","2012","294.83"
"","NORDIC","ALL","2013","288.8"
"","NORDIC","ALL","2014","277.1"
"POL","","ALL","1970","514.55"
"POL","","ALL","1980","556.97"
"POL","","ALL","1985","565.95"
"POL","","ALL","1986","564.67"
"POL","","ALL","1987","566.8"
"POL","","ALL","1988","612.35"
"POL","","ALL","1989","606.34"
"POL","","ALL","1990","632.68"
"POL","","ALL","1991","630.15"
"POL","","ALL","1992","620.54"
"POL","","ALL","1993","584.11"
"POL","","ALL","1994","580.9"
"POL","","ALL","1995","576.25"
"POL","","ALL","1996","573.39"
"POL","","ALL","1997","563.79"
"POL","","ALL","1998","552.76"
"POL","","ALL","1999","530.18"
"POL","","ALL","2000","515.16"
"POL","","ALL","2001","506.68"
"POL","","ALL","2002","489.31"
"POL","","ALL","2003","486.35"
"POL","","ALL","2004","478.61"
"POL","","ALL","2005","468.92"
"POL","","ALL","2006","465.33"
"POL","","ALL","2007","461.63"
"POL","","ALL","2008","441.23"
"POL","","ALL","2009","438.62"
"POL","","ALL","2010","498.36"
"POL","","ALL","2011","495.51"
"POL","","ALL","2012","495.8"
"POL","","ALL","2013","494.54"
"POL","","ALL","2014","487.68"
"PRT","","ALL","1999","369.26"
"PRT","","ALL","2000","366.19"
"PRT","","ALL","2001","358.98"
"PRT","","ALL","2002","351.15"
"PRT","","ALL","2003","352.52"
"PRT","","ALL","2004","353.09"
"PRT","","ALL","2005","348.67"
"PRT","","ALL","2006","341.44"
"PRT","","ALL","2007","335.93"
"PRT","","ALL","2008","332.69"
"PRT","","ALL","2009","330.25"
"PRT","","ALL","2010","329.01"
"PRT","","ALL","2011","330.21"
"PRT","","ALL","2012","334.05"
"PRT","","ALL","2013","331.62"
"PRT","","ALL","2014","325.13"
"ROU","","ALL","1980","703.68"
"ROU","","ALL","1985","708.57"
"ROU","","ALL","1986","709.49"
"ROU","","ALL","1987","702.8"
"ROU","","ALL","1988","702.21"
"ROU","","ALL","1989","700.26"
"ROU","","ALL","1990","696.51"
"ROU","","ALL","1991","695.85"
"ROU","","ALL","1992","590.72"
"ROU","","ALL","1993","572.85"
"ROU","","ALL","1994","561.42"
"ROU","","ALL","1995","555.42"
"ROU","","ALL","1996","545.43"
"ROU","","ALL","1997","524.79"
"ROU","","ALL","1998","524.79"
"ROU","","ALL","1999","519.93"
"ROU","","ALL","2000","537.77"
"ROU","","ALL","2001","541.39"
"ROU","","ALL","2002","528.13"
"ROU","","ALL","2003","451.8"
"ROU","","ALL","2004","443.2"
"ROU","","ALL","2005","455.99"
"ROU","","ALL","2006","456.17"
"ROU","","ALL","2007","447.88"
"ROU","","ALL","2008","450.66"
"ROU","","ALL","2009","462.35"
"ROU","","ALL","2010","432.9"
"ROU","","ALL","2011","413.21"
"ROU","","ALL","2012","415.76"
"ROU","","ALL","2013","402.61"
"RUS","","ALL","1986","1045.67"
"RUS","","ALL","1992","1028.3"
"RUS","","ALL","1993","1021.28"
"RUS","","ALL","1994","998.78"
"RUS","","ALL","1995","988.55"
"RUS","","ALL","1996","965.56"
"RUS","","ALL","1997","934.91"
"RUS","","ALL","1998","903.53"
"RUS","","ALL","1999","876.63"
"RUS","","ALL","2000","883.64"
"RUS","","ALL","2001","843.26"
"RUS","","ALL","2002","818.07"
"RUS","","ALL","2003","796.08"
"RUS","","ALL","2004","793.38"
"RUS","","ALL","2005","779.84"
"RUS","","ALL","2006","770.71"
"RUS","","ALL","2007","758.29"
"RUS","","ALL","2008","732.79"
"RUS","","ALL","2009","713.98"
"RUS","","ALL","2010","692.25"
"RUS","","ALL","2011","676.75"
"RUS","","ALL","2012","660.65"
"RUS","","ALL","2013","640.69"
"","SEEHN","ALL","1988","605.23"
"","SEEHN","ALL","1989","605.74"
"","SEEHN","ALL","1990","605.19"
"","SEEHN","ALL","1991","603.79"
"","SEEHN","ALL","1992","555.32"
"","SEEHN","ALL","1993","544.8"
"","SEEHN","ALL","1994","532.39"
"","SEEHN","ALL","1995","529.62"
"","SEEHN","ALL","1996","522.66"
"","SEEHN","ALL","1997","514.57"
"","SEEHN","ALL","1998","509.51"
"","SEEHN","ALL","1999","473.43"
"","SEEHN","ALL","2000","478.67"
"","SEEHN","ALL","2001","477.46"
"","SEEHN","ALL","2002","468.47"
"","SEEHN","ALL","2003","434.83"
"","SEEHN","ALL","2004","429.04"
"","SEEHN","ALL","2005","433.38"
"","SEEHN","ALL","2006","426.97"
"","SEEHN","ALL","2007","420.6"
"","SEEHN","ALL","2008","420.91"
"","SEEHN","ALL","2009","425.89"
"","SEEHN","ALL","2010","413.46"
"","SEEHN","ALL","2011","402.9"
"","SEEHN","ALL","2012","405.24"
"","SEEHN","ALL","2013","400.03"
"","SEEHN","ALL","2014","403.53"
"","SMALL","ALL","1997","372.39"
"","SMALL","ALL","1998","368.85"
"","SMALL","ALL","1999","366.55"
"","SMALL","ALL","2000","433.14"
"","SMALL","ALL","2001","360.86"
"","SMALL","ALL","2002","359.05"
"","SMALL","ALL","2003","355.4"
"","SMALL","ALL","2004","345.57"
"","SMALL","ALL","2005","384.72"
"","SMALL","ALL","2006","381.05"
"","SMALL","ALL","2007","372.98"
"","SMALL","ALL","2008","366"
"","SMALL","ALL","2009","361.91"
"","SMALL","ALL","2010","357.07"
"","SMALL","ALL","2011","350.94"
"","SMALL","ALL","2012","345.92"
"","SMALL","ALL","2013","353.11"
"","SMALL","ALL","2014","362.47"
"SRB","","ALL","2006","464.84"
"SRB","","ALL","2007","446.61"
"SRB","","ALL","2008","441.96"
"SRB","","ALL","2009","444.86"
"SRB","","ALL","2010","447.07"
"SRB","","ALL","2011","450.44"
"SRB","","ALL","2012","450.66"
"SRB","","ALL","2013","453.12"
"SRB","","ALL","2014","456.25"
"SVK","","ALL","1996","693.87"
"SVK","","ALL","1997","675.91"
"SVK","","ALL","1998","661.88"
"SVK","","ALL","1999","657.81"
"SVK","","ALL","2000","638.99"
"SVK","","ALL","2001","617.94"
"SVK","","ALL","2002","610.34"
"SVK","","ALL","2003","579.56"
"SVK","","ALL","2004","551.5"
"SVK","","ALL","2005","565.85"
"SVK","","ALL","2006","552.75"
"SVK","","ALL","2007","557.56"
"SVK","","ALL","2008","551.47"
"SVK","","ALL","2009","543.08"
"SVK","","ALL","2010","536.47"
"SVK","","ALL","2011","513.28"
"SVK","","ALL","2012","502.59"
"SVK","","ALL","2013","491.61"
"SVK","","ALL","2014","491.29"
"SVN","","ALL","1980","579.97"
"SVN","","ALL","1985","532.22"
"SVN","","ALL","1986","528.19"
"SVN","","ALL","1987","523.31"
"SVN","","ALL","1988","513.55"
"SVN","","ALL","1989","506.25"
"SVN","","ALL","1990","505.38"
"SVN","","ALL","1991","501.41"
"SVN","","ALL","1992","494.03"
"SVN","","ALL","1993","481.31"
"SVN","","ALL","1994","479.37"
"SVN","","ALL","1995","475.82"
"SVN","","ALL","1996","467.92"
"SVN","","ALL","1997","467.57"
"SVN","","ALL","1998","462.12"
"SVN","","ALL","1999","456.8"
"SVN","","ALL","2000","522.19"
"SVN","","ALL","2001","498.69"
"SVN","","ALL","2002","488.3"
"SVN","","ALL","2003","474.67"
"SVN","","ALL","2004","458.69"
"SVN","","ALL","2005","461.04"
"SVN","","ALL","2006","454.61"
"SVN","","ALL","2007","444.54"
"SVN","","ALL","2008","448.42"
"SVN","","ALL","2009","436.51"
"SVN","","ALL","2010","433.23"
"SVN","","ALL","2011","434.54"
"SVN","","ALL","2012","428.5"
"SVN","","ALL","2013","425.38"
"SVN","","ALL","2014","423.03"
"SWE","","ALL","1973","963.54"
"SWE","","ALL","1974","948.32"
"SWE","","ALL","1975","929.64"
"SWE","","ALL","1976","912.88"
"SWE","","ALL","1977","896.6"
"SWE","","ALL","1978","883.59"
"SWE","","ALL","1979","851.14"
"SWE","","ALL","1980","833.25"
"SWE","","ALL","1981","811.69"
"SWE","","ALL","1982","787.08"
"SWE","","ALL","1983","777.57"
"SWE","","ALL","1984","760.73"
"SWE","","ALL","1985","713.68"
"SWE","","ALL","1986","680.09"
"SWE","","ALL","1987","652.11"
"SWE","","ALL","1988","630.21"
"SWE","","ALL","1989","609.38"
"SWE","","ALL","1990","583.45"
"SWE","","ALL","1991","544.52"
"SWE","","ALL","1992","502.8"
"SWE","","ALL","1993","464.8"
"SWE","","ALL","1994","432.4"
"SWE","","ALL","1995","399"
"SWE","","ALL","1996","364.77"
"SWE","","ALL","1997","339.9"
"SWE","","ALL","1998","323.38"
"SWE","","ALL","1999","319.16"
"SWE","","ALL","2000","310.3"
"SWE","","ALL","2001","293.11"
"SWE","","ALL","2002","282.67"
"SWE","","ALL","2003","274.51"
"SWE","","ALL","2004","272.74"
"SWE","","ALL","2005","266.47"
"SWE","","ALL","2006","261.32"
"SWE","","ALL","2007","259.97"
"SWE","","ALL","2008","255.05"
"SWE","","ALL","2009","251.58"
"SWE","","ALL","2010","249.56"
"SWE","","ALL","2011","248.11"
"SWE","","ALL","2012","241.49"
"SWE","","ALL","2013","239.74"
"SWE","","ALL","2014","234.5"
"TJK","","ALL","1985","895.77"
"TJK","","ALL","1986","895.31"
"TJK","","ALL","1987","904.09"
"TJK","","ALL","1988","909.09"
"TJK","","ALL","1989","917.32"
"TJK","","ALL","1990","922.12"
"TJK","","ALL","1991","957.26"
"TJK","","ALL","1992","984.53"
"TJK","","ALL","1993","943.35"
"TJK","","ALL","1994","806.67"
"TJK","","ALL","1995","746.39"
"TJK","","ALL","1996","712.33"
"TJK","","ALL","1997","686.7"
"TJK","","ALL","1998","638.2"
"TJK","","ALL","1999","614.74"
"TJK","","ALL","2000","590.67"
"TJK","","ALL","2001","577.28"
"TJK","","ALL","2002","566.42"
"TJK","","ALL","2003","554.26"
"TJK","","ALL","2004","541.94"
"TJK","","ALL","2005","525.26"
"TJK","","ALL","2006","546.94"
"TJK","","ALL","2007","485.24"
"TJK","","ALL","2008","472.09"
"TJK","","ALL","2009","462.58"
"TJK","","ALL","2010","460.36"
"TJK","","ALL","2011","449.76"
"TJK","","ALL","2012","440.11"
"TJK","","ALL","2013","434.26"
"TJK","","ALL","2014","425.14"
"TKM","","ALL","1980","843.58"
"TKM","","ALL","1985","852.82"
"TKM","","ALL","1986","899.75"
"TKM","","ALL","1987","902.69"
"TKM","","ALL","1988","910.48"
"TKM","","ALL","1989","920.86"
"TKM","","ALL","1990","951.07"
"TKM","","ALL","1991","961.76"
"TKM","","ALL","1992","953.27"
"TKM","","ALL","1993","984.47"
"TKM","","ALL","1994","968.08"
"TKM","","ALL","1995","821.86"
"TKM","","ALL","1996","630.63"
"TKM","","ALL","1997","542.81"
"TKM","","ALL","1998","436.36"
"TKM","","ALL","1999","463.46"
"TKM","","ALL","2000","416.21"
"TKM","","ALL","2001","404.61"
"TKM","","ALL","2002","395.46"
"TKM","","ALL","2003","398.34"
"TKM","","ALL","2004","383.89"
"TKM","","ALL","2005","332.8"
"TKM","","ALL","2006","328.09"
"TKM","","ALL","2007","303.87"
"TKM","","ALL","2008","302.69"
"TKM","","ALL","2009","302.92"
"TKM","","ALL","2010","307.58"
"TKM","","ALL","2011","305.67"
"TKM","","ALL","2012","298.45"
"TKM","","ALL","2013","295.76"
"TKM","","ALL","2014","306.4"
"TUR","","ALL","2000","202.3"
"TUR","","ALL","2001","207.22"
"TUR","","ALL","2002","215.7"
"TUR","","ALL","2003","214.95"
"TUR","","ALL","2004","214.52"
"TUR","","ALL","2005","217.88"
"TUR","","ALL","2006","219.55"
"TUR","","ALL","2007","222.27"
"TUR","","ALL","2008","225.49"
"TUR","","ALL","2009","230.9"
"TUR","","ALL","2010","243.24"
"TUR","","ALL","2011","244.84"
"TUR","","ALL","2012","257.62"
"TUR","","ALL","2013","257.13"
"TUR","","ALL","2014","258.8"
"UKR","","ALL","1980","1003.88"
"UKR","","ALL","1981","988.39"
"UKR","","ALL","1982","997.88"
"UKR","","ALL","1983","1004.52"
"UKR","","ALL","1984","1015.66"
"UKR","","ALL","1985","1023.18"
"UKR","","ALL","1986","1029.31"
"UKR","","ALL","1987","1036.81"
"UKR","","ALL","1988","1047.86"
"UKR","","ALL","1989","1057.02"
"UKR","","ALL","1990","1061.77"
"UKR","","ALL","1991","1065.73"
"UKR","","ALL","1992","1052.43"
"UKR","","ALL","1993","1033.26"
"UKR","","ALL","1994","1021.3"
"UKR","","ALL","1995","985.36"
"UKR","","ALL","1996","897.69"
"UKR","","ALL","1997","772.81"
"UKR","","ALL","1998","761.22"
"UKR","","ALL","1999","730.76"
"UKR","","ALL","2000","713.8"
"UKR","","ALL","2001","707.66"
"UKR","","ALL","2002","714.9"
"UKR","","ALL","2003","708.57"
"UKR","","ALL","2004","702.77"
"UKR","","ALL","2005","699.97"
"UKR","","ALL","2006","703.7"
"UKR","","ALL","2007","702.57"
"UKR","","ALL","2008","704.84"
"UKR","","ALL","2009","747.07"
"UKR","","ALL","2010","761.04"
"UKR","","ALL","2011","734.05"
"UKR","","ALL","2012","721.01"
"UKR","","ALL","2013","715.41"
"UKR","","ALL","2014","613.31"
"UZB","","ALL","2000","444.97"
"UZB","","ALL","2001","447.22"
"UZB","","ALL","2002","464.8"
"UZB","","ALL","2003","457.81"
"UZB","","ALL","2004","439.8"
"UZB","","ALL","2005","432.65"
"UZB","","ALL","2006","427.18"
"UZB","","ALL","2007","401.8"
"UZB","","ALL","2008","388.73"
"UZB","","ALL","2009","381.35"
"UZB","","ALL","2010","370.1"
"UZB","","ALL","2011","359.53"
"UZB","","ALL","2012","348.65"
"UZB","","ALL","2013","333.64"
"UZB","","ALL","2014","333.87"
"","WHO_EURO","ALL","1990","685.58"
"","WHO_EURO","ALL","1991","680.85"
"","WHO_EURO","ALL","1992","671.33"
"","WHO_EURO","ALL","1993","658.81"
"","WHO_EURO","ALL","1994","644.41"
"","WHO_EURO","ALL","1995","632.27"
"","WHO_EURO","ALL","1996","616.66"
"","WHO_EURO","ALL","1997","590.73"
"","WHO_EURO","ALL","1998","575.41"
"","WHO_EURO","ALL","1999","556.17"
"","WHO_EURO","ALL","2000","548.18"
"","WHO_EURO","ALL","2001","533.72"
"","WHO_EURO","ALL","2002","524.28"
"","WHO_EURO","ALL","2003","512.31"
"","WHO_EURO","ALL","2004","505.02"
"","WHO_EURO","ALL","2005","498.67"
"","WHO_EURO","ALL","2006","490.62"
"","WHO_EURO","ALL","2007","480.86"
"","WHO_EURO","ALL","2008","471.56"
"","WHO_EURO","ALL","2009","468.82"
"","WHO_EURO","ALL","2010","460.9"
"","WHO_EURO","ALL","2011","452.88"
"","WHO_EURO","ALL","2012","446.45"
"","WHO_EURO","ALL","2013","439.42"
"","WHO_EURO","ALL","2014","432.67"

"Last update","2019.10.17 09:38:45 GMT"
"Description","Acute care hospital beds per 100 000"
"Reference link","https://dw.euro.who.int/api/v3/measures/HFA_478?lang=En"

"Copyright"
"© WHO Regional Office for Europe 2019. All rights reserved.","http://www.euro.who.int/en/home/copyright-notice"
